/2017-end-of-the-year-invisalign-special                           /blog/2017-end-of-the-year-invisalign-special
/3-reasons-to-see-the-dentist                           /blog/3-reasons-to-see-the-dentist
/3d-imaging-and-printing-in-dentistry                           /blog/3d-imaging-and-printing-in-dentistry
/5-foods-that-whiten-your-teeth-naturally                           /blog/5-foods-that-whiten-your-teeth-naturally
/5-things-you-can-do-for-bad-breath                           /blog/5-things-you-can-do-for-bad-breath
/5-things-you-may-not-have-known-about-teeth                           /blog/5-things-you-may-not-have-known-about-teeth
/7-tips-to-keep-your-teeth-clean                           /blog/7-tips-to-keep-your-teeth-clean
/94-year-old-with-no-cavities                           /blog/94-year-old-with-no-cavities
/a-case-for-invisalign                           /blog/a-case-for-invisalign
/a-whale-of-a-tooth-story-or-not                           /blog/a-whale-of-a-tooth-story-or-not
/a-woman-and-her-husband-interrupted-their-vacation-to-go-to-the-dentist                           /blog/a-woman-and-her-husband-interrupted-their-vacation-to-go-to-the-dentist
/about-amalgams                           /blog/about-amalgams
/all-about-night-guards                           /blog/all-about-night-guards
/all-about-xylitol                           /blog/all-about-xylitol
/all-dentists-same                           /blog/all-dentists-same
/all-i-want-for-christmas-is-some-new-front-teeth-great-deals-on-cosmetic-dentistry                           /blog/all-i-want-for-christmas-is-some-new-front-teeth-great-deals-on-cosmetic-dentistry
/are-breath-mints-bad-for-your-teeth                           /blog/are-breath-mints-bad-for-your-teeth
/are-you-flossing-enough                           /blog/are-you-flossing-enough
/arestin                           /blog/arestin
/avoiding-the-costs-of-poor-oral-health                           /blog/avoiding-the-costs-of-poor-oral-health
/beating-tooth-decay-cavities                           /blog/beating-tooth-decay-cavities
/because-nothing-says-gum-care-a-dental-floss-lasso                           /blog/because-nothing-says-gum-care-a-dental-floss-lasso
/best-dentist-in-fairfield-ca                           /blog/best-dentist-in-fairfield-ca
/best-home-whitening-kits-and-how-they-work                           /blog/best-home-whitening-kits-and-how-they-work
/botox-and-dentistry                           /blog/botox-and-dentistry
/boy-has-232-teeth-removed                           /blog/boy-has-232-teeth-removed
/brads-story-trailer-1                           /blog/brads-story-trailer-1
/broken-tooth                           /blog/broken-tooth
/brusheez-app-for-kids-makes-toothbrushing-more-fun                           /blog/brusheez-app-for-kids-makes-toothbrushing-more-fun
/brushing-your-teeth-and-weight-loss                           /blog/brushing-your-teeth-and-weight-loss
/caries-management-by-risk-assessment                           /blog/caries-management-by-risk-assessment
/causes-for-bumps-on-the-roof-of-your-mouth-part-1                           /blog/causes-for-bumps-on-the-roof-of-your-mouth-part-1
/causes-for-bumps-on-the-roof-of-your-mouth-part-2                           /blog/causes-for-bumps-on-the-roof-of-your-mouth-part-2
/celebrities-who-have-had-cosmetic-dentistry-procedures                           /blog/celebrities-who-have-had-cosmetic-dentistry-procedures
/changes-in-your-mouth-as-you-age                           /blog/changes-in-your-mouth-as-you-age
/charcoal-toothpaste-pros-and-cons                           /blog/charcoal-toothpaste-pros-and-cons
/choosing-the-best-dentist                           /blog/choosing-the-best-dentist
/common-tongue-problems                           /blog/common-tongue-problems
/cone-beam-computed-tomography                           /blog/cone-beam-computed-tomography
/crowns-a-royal-pain                           /blog/crowns-a-royal-pain
/dangerous-health-effects-of-gum-disease                           /blog/dangerous-health-effects-of-gum-disease
/dental-bonding                           /blog/dental-bonding
/dental-emergency                           /blog/dental-emergency
/dentists-recommendation-for-when-is-best-to-brush-your-childs-teeth                           /blog/dentists-recommendation-for-when-is-best-to-brush-your-childs-teeth
/digital-dentistry-notes                           /blog/digital-dentistry-notes
/do-teeth-get-weaker-as-you-age                           /blog/do-teeth-get-weaker-as-you-age
/do-you-know-the-different-parts-of-the-tooth                           /blog/do-you-know-the-different-parts-of-the-tooth
/dont-get-your-teeth-whitened-until-you-read-this                           /blog/dont-get-your-teeth-whitened-until-you-read-this
/dr-mark-warner                           /blog/dr-mark-warner
/drastic-measures-crowns-for-kids-and-baby-root-canals                           /blog/drastic-measures-crowns-for-kids-and-baby-root-canals
/expectant-mothers-what-you-need-to-know-about-your-teeth-during-pregnancy-part-1                           /blog/expectant-mothers-what-you-need-to-know-about-your-teeth-during-pregnancy-part-1
/expectant-mothers-what-you-need-to-know-about-your-teeth-during-pregnancy-part-2                           /blog/expectant-mothers-what-you-need-to-know-about-your-teeth-during-pregnancy-part-2
/expectant-mothers-what-you-need-to-know-about-your-teeth-during-pregnancy-part-3                           /blog/expectant-mothers-what-you-need-to-know-about-your-teeth-during-pregnancy-part-3
/feels-like-family-review                           /blog/feels-like-family-review
/five-star-review-by-george                           /blog/five-star-review-by-george
/flossing-for-dummies                           /blog/flossing-for-dummies
/flossing-frequency                           /blog/flossing-frequency
/foods-what-they-do-to-your-teeth                           /blog/foods-what-they-do-to-your-teeth
/frequently-asked-questions                           /blog/frequently-asked-questions
/fun-ideas-from-the-tooth-fairy                           /blog/fun-ideas-from-the-tooth-fairy
/funny-reminder-to-change-your-toothbrush-every-six-months                           /blog/funny-reminder-to-change-your-toothbrush-every-six-months
/george-washingtons-false-teeth                           /blog/george-washingtons-false-teeth
/get-free-whitening-now-until-the-end-of-the-year                           /blog/get-free-whitening-now-until-the-end-of-the-year
/get-whiter-teeth                           /blog/get-whiter-teeth
/getting-kids-to-brush-their-teeth                           /blog/getting-kids-to-brush-their-teeth
/gingivitis-in-pregnancy                           /blog/gingivitis-in-pregnancy
/gold-fillings                           /blog/gold-fillings
/guide-to-spotting-gum-problems-part-1                           /blog/guide-to-spotting-gum-problems-part-1
/guide-to-spotting-gum-problems-part-2                           /blog/guide-to-spotting-gum-problems-part-2
/gum-disease-bacteria-causing-fertility-problems-in-women                           /blog/gum-disease-bacteria-causing-fertility-problems-in-women
/gums-and-wisdom-tooth-irritation                           /blog/gums-and-wisdom-tooth-irritation
/habits-that-are-harmful-to-your-teeth                           /blog/habits-that-are-harmful-to-your-teeth
/halloween-candy-and-your-teeth-is-it-really-worth-it                           /blog/halloween-candy-and-your-teeth-is-it-really-worth-it
/health-saving-account                           /blog/health-saving-account
/healthy-toothbrush-healthy-teeth                           /blog/healthy-toothbrush-healthy-teeth
/how-britain-got-its-bad-teeth-rep                           /blog/how-britain-got-its-bad-teeth-rep
/how-good-nutrition-impacts-your-teeth                           /blog/how-good-nutrition-impacts-your-teeth
/how-long-has-it-been-since-your-last-teeth-cleaning                           /blog/how-long-has-it-been-since-your-last-teeth-cleaning
/how-much-is-genetics-to-blame-for-this-major-global-health-issue                           /blog/how-much-is-genetics-to-blame-for-this-major-global-health-issue
/how-much-is-that-doggie-in-the-window                           /blog/how-much-is-that-doggie-in-the-window
/how-to-choose-a-good-dentist                           /blog/how-to-choose-a-good-dentist
/how-to-choose-the-best-toothpaste                           /blog/how-to-choose-the-best-toothpaste
/how-to-get-rid-of-canker-sores                           /blog/how-to-get-rid-of-canker-sores
/how-to-harden-your-teeth-naturally                           /blog/how-to-harden-your-teeth-naturally
/how-to-have-beautiful-teeth-naturally                           /blog/how-to-have-beautiful-teeth-naturally
/how-to-keep-your-teeth-clean-with-braces                           /blog/how-to-keep-your-teeth-clean-with-braces
/how-to-know-if-you-are-flossing-correctly                           /blog/how-to-know-if-you-are-flossing-correctly
/how-to-know-if-you-have-a-cavity                           /blog/how-to-know-if-you-have-a-cavity
/how-to-love-your-mouth-this-valentines-day                           /blog/how-to-love-your-mouth-this-valentines-day
/how-to-make-sure-you-are-brushing-in-all-the-right-places                           /blog/how-to-make-sure-you-are-brushing-in-all-the-right-places
/how-to-safely-enjoy-foods-that-stain-your-teeth                           /blog/how-to-safely-enjoy-foods-that-stain-your-teeth
/how-to-stop-tooth-decay-with-sealants                           /blog/how-to-stop-tooth-decay-with-sealants
/i-would-rate-u-a-five                           /blog/i-would-rate-u-a-five
/importance-of-oral-hygiene-for-cancer-prevention                           /blog/importance-of-oral-hygiene-for-cancer-prevention
/in-honor-of-veterans-day-2017                           /blog/in-honor-of-veterans-day-2017
/increased-level-of-mercury-from-metal-fillings                           /blog/increased-level-of-mercury-from-metal-fillings
/invisalign-fairfield-ca                           /blog/invisalign-fairfield-ca
/invisalign-teen-fairfield-ca                           /blog/invisalign-teen-fairfield-ca
/invisalign-the-new-invisible-braces                           /blog/invisalign-the-new-invisible-braces
/keeping-your-smile-young                           /blog/keeping-your-smile-young
/learn-how-to-properly-brush-your-teeth                           /blog/learn-how-to-properly-brush-your-teeth
/let-us-help-you-make-a-good-first-impression                           /blog/let-us-help-you-make-a-good-first-impression
/life-changing-benefits-of-dental-implants                           /blog/life-changing-benefits-of-dental-implants
/live-outside-of-town                           /blog/live-outside-of-town
/make-your-mouth-more-kissable-for-valentines-day                           /blog/make-your-mouth-more-kissable-for-valentines-day
/man-has-tooth-removed-from-nose                           /blog/man-has-tooth-removed-from-nose
/mark-j-warner-dds-inc-is-now-offering-enhanced-oral-cancer-screenings                           /blog/mark-j-warner-dds-inc-is-now-offering-enhanced-oral-cancer-screenings
/mark-warner-dds-receives-f-a-c-t-oral-health-protocol-certification-for-advanced-screening-in-oral-health                           /blog/mark-warner-dds-receives-f-a-c-t-oral-health-protocol-certification-for-advanced-screening-in-oral-health
/minimizing-tooth-decay-from-fizzy-soda                           /blog/minimizing-tooth-decay-from-fizzy-soda
/modern-advances-in-dentistry                           /blog/modern-advances-in-dentistry
/move-over-diamonds-these-may-be-a-girls-new-best-friend                           /blog/move-over-diamonds-these-may-be-a-girls-new-best-friend
/new-review-shows-brushing-flossing-without-flouride-not-helpful-in-fight-against-cavities                           /blog/new-review-shows-brushing-flossing-without-flouride-not-helpful-in-fight-against-cavities
/new-year-new-smile                           /blog/new-year-new-smile
/newly-discovered-antibacterial-effect-of-bio-ceramic-shows-promise-in-the-fight-against-periodontitis                           /blog/newly-discovered-antibacterial-effect-of-bio-ceramic-shows-promise-in-the-fight-against-periodontitis
/nutrition-and-your-teeth                           /blog/nutrition-and-your-teeth
/oral-cancer-information-what-you-need-to-know                           /blog/oral-cancer-information-what-you-need-to-know
/oral-cancer-protocols-in-the-dentistry-office                           /blog/oral-cancer-protocols-in-the-dentistry-office
/ordinary-vs-powered-toothbrushes                           /blog/ordinary-vs-powered-toothbrushes
/patient-review                           /blog/patient-review
/pregnancy-gingivitis-what-is-it-and-what-are-the-risks                           /blog/pregnancy-gingivitis-what-is-it-and-what-are-the-risks
/professional-teeth-whitening-vs-home-remedies                           /blog/professional-teeth-whitening-vs-home-remedies
/quality-dental-care                           /blog/quality-dental-care
/secret-pain-free-dental                           /blog/secret-pain-free-dental
/shop-of-horrors                           /blog/shop-of-horrors
/signs-and-symptoms-of-oral-cancer                           /blog/signs-and-symptoms-of-oral-cancer
/smiling-makes-you-happier                           /blog/smiling-makes-you-happier
/specialist                           /blog/specialist
/strange-dentistry-practices-of-the-past                           /blog/strange-dentistry-practices-of-the-past
/sugars-role-in-the-formation-of-cavities                           /blog/sugars-role-in-the-formation-of-cavities
/sugary-drinks-obesity-and-dental-erosion                           /blog/sugary-drinks-obesity-and-dental-erosion
/take-your-baby-to-the-dentist                           /blog/take-your-baby-to-the-dentist
/taking-care-of-your-toothbrush                           /blog/taking-care-of-your-toothbrush
/teeth-worn-out                           /blog/teeth-worn-out
/the-causes-of-toothaches-and-why-you-should-see-a-dentist-right-away-if-your-have-one                           /blog/the-causes-of-toothaches-and-why-you-should-see-a-dentist-right-away-if-your-have-one
/the-difference-one-letter-can-make                           /blog/the-difference-one-letter-can-make
/the-five-worst-foods-for-your-teeth                           /blog/the-five-worst-foods-for-your-teeth
/the-hardest-substances-in-the-world-and-how-they-compare-to-the-enamel-on-your-teeth                           /blog/the-hardest-substances-in-the-world-and-how-they-compare-to-the-enamel-on-your-teeth
/the-importance-of-a-tooth-healthy-diet                           /blog/the-importance-of-a-tooth-healthy-diet
/the-importance-of-baby-teeth                           /blog/the-importance-of-baby-teeth
/the-importance-of-having-a-caring-dentist                           /blog/the-importance-of-having-a-caring-dentist
/the-legend-of-the-halloween-witch                           /blog/the-legend-of-the-halloween-witch
/the-link-between-oral-care-and-heart-health-for-seniors                           /blog/the-link-between-oral-care-and-heart-health-for-seniors
/the-main-causes-of-gum-disease-what-you-dont-know-can-hurt-you                           /blog/the-main-causes-of-gum-disease-what-you-dont-know-can-hurt-you
/the-more-you-know-about-toothbrushes                           /blog/the-more-you-know-about-toothbrushes
/the-oral-health-cost-of-smoking                           /blog/the-oral-health-cost-of-smoking
/the-real-cost-of-sugar-consumption                           /blog/the-real-cost-of-sugar-consumption
/the-top-5-worst-foods-for-your-teeth                           /blog/the-top-5-worst-foods-for-your-teeth
/the-truth-about-snacking-and-tooth-decay                           /blog/the-truth-about-snacking-and-tooth-decay
/the-truth-about-veneers                           /blog/the-truth-about-veneers
/the-ultimate-toothpaste-guide                           /blog/the-ultimate-toothpaste-guide
/the-warning-signs-of-impacted-wisdom-teeth                           /blog/the-warning-signs-of-impacted-wisdom-teeth
/third-world-dentistry                           /blog/third-world-dentistry
/three-steps-to-maintaining-healthy-gums                           /blog/three-steps-to-maintaining-healthy-gums
/tight-budget                           /blog/tight-budget
/time-for-a-dental-check-up                           /blog/time-for-a-dental-check-up
/time-for-dentures                           /blog/time-for-dentures
/time-is-running-out-to-use-your-benefits                           /blog/time-is-running-out-to-use-your-benefits
/tips-for-making-brushing-your-childs-teeth-fun                           /blog/tips-for-making-brushing-your-childs-teeth-fun
/tips-from-dentist-parents-on-keeping-your-childrens-teeth-clean                           /blog/tips-from-dentist-parents-on-keeping-your-childrens-teeth-clean
/tmj-problems-and-how-to-treat-them                           /blog/tmj-problems-and-how-to-treat-them
/tooth-decay-and-how-to-prevent-it                           /blog/tooth-decay-and-how-to-prevent-it
/tooth-healthy-lunch                           /blog/tooth-healthy-lunch
/top-5-dental-health-tips-for-a-beautiful-smile-and-a-healthy-mouth                           /blog/top-5-dental-health-tips-for-a-beautiful-smile-and-a-healthy-mouth
/veneers-theyre-not-just-for-beauty-pageant-contestants                           /blog/veneers-theyre-not-just-for-beauty-pageant-contestants
/visual-guide-to-childrens-tooth-injuries                           /blog/visual-guide-to-childrens-tooth-injuries
/what-does-dental-insurance-cover                           /blog/what-does-dental-insurance-cover
/what-is-cosmetic-dentistry                           /blog/what-is-cosmetic-dentistry
/what-is-restorative-dentistry                           /blog/what-is-restorative-dentistry
/what-to-do-about-a-cracked-tooth                           /blog/what-to-do-about-a-cracked-tooth
/what-to-do-when-you-break-a-tooth                           /blog/what-to-do-when-you-break-a-tooth
/what-to-expect-with-a-typical-teeth-cleaning                           /blog/what-to-expect-with-a-typical-teeth-cleaning
/what-you-need-to-know-about-teeth-whitening                           /blog/what-you-need-to-know-about-teeth-whitening
/whats-up-with-dental-implants-an-inside-look-into-this-intriguing-procedure                           /blog/whats-up-with-dental-implants-an-inside-look-into-this-intriguing-procedure
/when-is-the-best-time-to-floss                           /blog/when-is-the-best-time-to-floss
/when-to-replace-your-electric-toothbrush-head                           /blog/when-to-replace-your-electric-toothbrush-head
/when-to-start-taking-your-child-to-the-dentist                           /blog/when-to-start-taking-your-child-to-the-dentist
/white-restorations-what-are-they                           /blog/white-restorations-what-are-they
/why-seeing-a-dentist-every-six-months-is-important                           /blog/why-seeing-a-dentist-every-six-months-is-important
/wisdom-teeth-to-keep-or-not-to-keep                           /blog/wisdom-teeth-to-keep-or-not-to-keep
/you-may-have-weak-enamel-if                           /blog/you-may-have-weak-enamel-if
/your-dentist-early-detection-of-oral-cancer                           /blog/your-dentist-early-detection-of-oral-cancer
/your-teeth-are-trying-to-tell-you-something                           /blog/your-teeth-are-trying-to-tell-you-something
